{
  "EUR/USD": 1.14381,
  "XAU/USD": 4010.58795
}