{
  "EUR/USD": 1.14376,
  "XAU/USD": 4010.53648,
  "USD/TRY": 47.15856,
  "GBP/USD": 1.34519,
  "USD/JPY": 162.42103,
  "USD/CHF": 0.80769326,
  "AUD/USD": 0.69804
}