{
  "EUR/USD": 1.14376,
  "XAU/USD": 4010.53005,
  "USD/TRY": 47.15924,
  "GBP/USD": 1.34524,
  "USD/JPY": 162.409,
  "USD/CHF": 0.80782,
  "AUD/USD": 0.69817
}