{
  "EUR/USD": 1.14377,
  "XAU/USD": 4010.53005
}