{
  "EUR/USD": 1.14376,
  "XAU/USD": 4057.45354,
  "USD/TRY": 47.19319,
  "GBP/USD": 1.34048,
  "USD/JPY": 162.73011,
  "USD/CHF": 0.81059,
  "AUD/USD": 0.70177
}