{
  "EUR/USD": 1.14386,
  "XAU/USD": 4010.58795
}