{
  "EUR/USD": 1.14376,
  "XAU/USD": 4008.6587,
  "USD/TRY": 47.17548,
  "GBP/USD": 1.34551,
  "USD/JPY": 162.41962,
  "USD/CHF": 0.80924,
  "AUD/USD": 0.70045
}