{
  "EUR/USD": 1.14252,
  "XAU/USD": 4062.89359
}