{
  "EUR/USD": 1.14179,
  "XAU/USD": 4032.09548
}