{
  "EUR/USD": 1.14376,
  "XAU/USD": 4010.53005
}