{
  "EUR/USD": 1.13934,
  "XAU/USD": 4018.00064
}