{
  "EUR/USD": 1.14376,
  "XAU/USD": 4125.58274,
  "USD/TRY": 47.21222,
  "GBP/USD": 1.3367,
  "USD/JPY": 163.07254,
  "USD/CHF": 0.81236,
  "AUD/USD": 0.69938
}