{
  "EUR/USD": 1.14142,
  "XAU/USD": 4111.50399
}