{
  "EUR/USD": 1.14382,
  "XAU/USD": 4010.53005
}