{
  "EUR/USD": 1.14271,
  "XAU/USD": 3991.69727
}