{
  "EUR/USD": 1.14376,
  "XAU/USD": 4126.26367,
  "USD/TRY": 47.21307,
  "GBP/USD": 1.33688,
  "USD/JPY": 163.05751,
  "USD/CHF": 0.81212,
  "AUD/USD": 0.69946
}