{
  "EUR/USD": 1.14341,
  "XAU/USD": 4155.58511
}