{
  "EUR/USD": 1.13987,
  "XAU/USD": 4062.72853
}