{
  "EUR/USD": 1.14175,
  "XAU/USD": 4111.44482
}