{
  "EUR/USD": 1.14376,
  "XAU/USD": 4117.25955,
  "USD/TRY": 47.21172,
  "GBP/USD": 1.33679,
  "USD/JPY": 163.04119,
  "USD/CHF": 0.81251,
  "AUD/USD": 0.6992
}