{
  "EUR/USD": 1.14376,
  "XAU/USD": 4084.29995,
  "USD/TRY": 47.23229,
  "GBP/USD": 1.33506,
  "USD/JPY": 163.49463,
  "USD/CHF": 0.816,
  "AUD/USD": 0.69921
}