{
  "EUR/USD": 1.14376,
  "XAU/USD": 4060.7488,
  "USD/TRY": 47.32399,
  "GBP/USD": 1.33259,
  "USD/JPY": 163.78889,
  "USD/CHF": 0.81689,
  "AUD/USD": 0.69907
}